ORIG_PRODUCT_DESCRIPTION,PRICE,Num_of_Items
Happy Hour,-0.31,82180
Med Tater To,1.89,77894
Med Fries,1.89,69621
Mustard,0.0,63059
Ketchup,0.0,59068
Mayo,0.0,58210
Chz Burger,4.39,57671
Chz Brg Cmb,0.0,41053
Med Coke,1.89,37334
50% Shk @ 8,-0.5,36092
Corn Dog,1.49,35514
"12"" CC Cny",3.99,33843
SS Dbl Chz,5.49,33836
Onions,0.0,33743
Strawberry,0.5,33595
Med Onion Ri,2.49,32427
SS Dbl BacCh,5.99,31383
Cherry,0.1,29392
SS Dbl Ch Cm,0.0,27593
SS Dbl BC Cm,0.0,26916
Med Tots,1.89,26122
RCC,1.99,25730
Wp Toy w/ Pu,0.0,23720
Vanilla,0.5,22171
"12"" CC Cny C",0.0,21500
Tomato,0.0,21376
Med Chry Lim,2.19,20831
Med Dr Peppe,1.89,20452
Sm Fries,1.19,19583
Lg Coke,2.49,19262
See Operator,0.0,18563
Med Sprite,1.89,18103
Sm Tater Tot,1.19,17352
Pickles,0.0,17033
Lg Tater Tot,2.39,16961
Med Mozz Sti,3.69,16300
Easy Ice,0.0,15713
Med Pop Chk,3.99,15197
Lg Fries,2.39,14120
Lg Chry Lime,2.79,13696
Sm Mozz Stic,2.89,13685
Wp Chk Strp,3.89,13236
Wp Corn Dog,3.49,13014
Ice,0.0,12655
Med Ocean Wa,1.99,12585
Lg Dr Pepper,2.49,12201
Pop Chk Comb,0.0,12039
Grn Chile Ch,4.89,11990
Peach,0.1,11971
Mango,0.1,11939
10am LgDr.99,-0.01,11907
Sm Water,0.1,11534
BW Buffalo (,17.79,11450
Med ChiliChz,3.19,11382
Brk Tst Comb,0.0,11356
Chk Dinner,6.59,11238
Cheese,0.6,11191
Med Lemonade,2.49,11103
Bacon,0.6,10880
Mini Water,0.1,10581
Jr Dlx CB,1.79,10297
Med Slush,2.09,10271
FrnchTstStix,2.59,10167
Rt Unswt Tea,2.79,10088
Chicago Dog,2.49,10006
Bag Ice,2.99,9763
Gr Chl ChzBr,0.0,9644
Ult Meat Chz,3.89,9615
Prem Brto Co,0.0,9399
Ult Chk Dlx,5.99,9396
BacEggChzTst,3.29,9355
Lg Pop Chk,5.19,9178
SS Jal Dbl C,5.99,9154
Lettuce,0.0,9132
$5 Boom Box,5.0,9058
HH CornDog,-0.5,8927
Chk Dinner C,0.0,8923
Med Stw Shk,3.89,8834
Med Cherry S,2.19,8793
Lemon,0.3,8790
Rt Chry Lime,2.99,8759
Grill Chz,1.49,8643
Lime,0.3,8623
SausEggChz B,2.69,8471
Prem Dog Com,0.0,8398
Med Stw Frt,2.29,8304
Croissonic C,0.0,8243
Lg Mozz Stic,4.29,8224
Chk Strp Snd,1.49,8195
Wtrmln,0.1,8164
Rt Coke,2.79,8136
Lg Ocean Wat,2.59,8048
No Ice,0.0,7858
Lg Unswt Tea,2.49,7803
Pnapp,0.5,7791
Lg Onion Rin,2.99,7765
Amer Dog,1.99,7751
Med Ched R P,3.99,7708
Med Choc Shk,3.89,7601
Med OJ,2.19,7595
SS Jal DblCh,0.0,7576
Crispy Chk S,4.69,7504
Whip Topping,0.5,7474
Med Dt Coke,1.89,7473
Chk Sand Com,0.0,7352
Wp Burger Cm,3.49,7347
Extra Ice,0.0,7318
SausEggChz C,3.29,7277
Lg Dt Coke,2.49,7237
Lg ChiliChz,3.69,7219
Asiago Clb C,0.0,7098
BW Hny BBQ (,17.79,7061
Med Stw Lime,2.29,7023
Med Sweet Te,1.89,6979
SS Brkfst Bu,3.89,6928
Lg Sweet Tea,2.49,6808
Med Root Bee,1.89,6798
Rasp,0.1,6753
Empl Disc,0.0,6689
BacEggChz Bu,2.69,6673
Jr Dbl Chz B,2.29,6663
Grn Chiles,0.6,6528
Stk Egg Burr,3.89,6521
Jalapeno,0.6,6270
Wp Burger,3.49,6257
Med Water,0.2,6251
NY Dog,2.29,6176
Med Blue Rsp,2.19,6161
SausEggChzTs,3.29,6105
Brk Br Combo,0.0,6020
Blue Rasp,0.1,5993
Lg Water,0.3,5890
Rt Dr Pepper,2.79,5865
Med Unswt Te,1.89,5858
Sm Tots,1.19,5855
Sm Ched R Pe,3.19,5825
Lg Stw Frt S,2.69,5649
Lg Tots,2.39,5593
"6"" Plain",1.99,5586
Sm Onion Rin,1.99,5503
Apple Juice,0.99,5434
Lg Slush,2.59,5433
Wp Grlld Chz,3.49,5336
Rt Cup Ice,0.4,5285
Rt Sweet Tea,2.79,5261
Wing Cmb,0.0,5232
Lg Cup Ice,0.3,5185
Lg Sprite,2.49,5181
Lg Stw Limea,2.79,5181
Cone,1.09,5099
Med Wtrmln S,2.19,5097
Jr Deluxe Ch,1.79,5064
Jr Brkfst Br,1.29,4970
Rt Dt Coke,2.79,4913
Sm Stw Shk,2.99,4845
Real Cherry,0.5,4835
Rt Ocean Wat,2.89,4830
Med Frz Lemo,2.59,4711
Banana,0.5,4677
Grape,0.1,4650
Rt Water,0.4,4641
MedChiliCh F,3.19,4632
Chocolate,0.5,4623
Wp Hot Dog C,3.49,4586
Lg Cherry Sl,2.69,4544
Sm Chocolate,2.99,4503
Lg Lemonade,3.29,4489
Mn Mozz Stic,1.29,4400
CDOG .50,-0.99,4387
Ranch,0.0,4337
Asiago Crsp,5.79,4186
Cranberry,0.1,4145
Med Vanilla,3.89,4132
Cinna Snacks,3.89,4121
Grl Chk Snd,4.89,4080
Rainbow,0.4,4054
Lmnbry,0.3,4044
Med Coffee,1.89,4032
Wp Grilled C,3.49,3992
Med Oreo Bl,4.29,3927
Chk Strp Snk,5.79,3923
Wp Hot Dog,3.49,3901
Small Pop Ch,2.99,3815
Pop Candy,0.4,3802
Sm Cherry Sl,1.19,3770
BlkBry,0.1,3741
PC Ranch,0.0,3740
Ht Fdg Sunda,2.19,3697
BacEggChz Cr,3.29,3683
Md Bl Coco S,2.19,3575
Jolly Ranche,0.4,3543
Med Limeade,1.99,3535
Med HiC Punc,1.89,3493
Med Oreo Shk,4.09,3456
Lg Stw Shk,4.59,3382
Med Chz Tots,2.49,3382
Lg Chocolate,4.59,3364
Rt Stw Limea,2.99,3344
Sm ChiliChz,2.69,3327
Lg Dt Dr Pep,2.49,3323
Oreo,0.5,3291
LgChiliChz F,3.69,3262
Lg Ched R Pe,5.39,3244
Lg Root Beer,2.49,3243
Med Grape Sl,2.19,3220
Med Dt Dr Pe,1.89,3194
Waffle Cone,1.99,3192
Lg Frz Lemoa,2.89,3186
Med Banana S,3.89,3186
Sm Stw Frt S,1.29,3175
1/2 Chz Burg,-0.55,3157
Med StwChzCk,4.09,3142
Apples,1.69,3140
BW Asian (6),4.79,3138
Shredded Chz,0.6,3087
Med Fanta Or,1.89,3057
Nerds,0.4,3044
Sm Slush,1.09,2950
Bl Coco,0.1,2949
French Tst C,0.0,2936
Green Apple,0.1,2843
Choc Milk,0.99,2825
Sm Coke,1.19,2815
Sm BlueRsp S,1.19,2811
Med Powerade,1.89,2785
Rt Stw Frt S,2.89,2772
Sm Oreo Bl,3.59,2734
Med Reeses B,4.29,2694
Rt Dt Dr Pep,2.79,2683
Sm Chry Lime,1.19,2647
Lg Wtrmln Sl,2.69,2646
Med Grn App,2.19,2616
Lg Blue Rsp,2.69,2596
Root Beer,0.1,2564
Rt Slush,2.79,2546
Lg Limeade,2.79,2486
Mn Ched R Pe,1.59,2445
Asiago GrlCl,5.99,2442
Sm Ocean Wat,1.19,2410
Med Jolly BR,2.59,2393
Med Cup Ice,0.2,2381
$.99 CornDog,0.99,2357
Med Shake,3.79,2354
Hot Fudge,0.5,2319
Med OreoChCk,4.09,2305
BOGO Wings,0.0,2297
Sm Vanilla S,2.99,2291
Med Nerd BR,2.59,2280
Mini Sprite,1.0,2264
Sm Oreo Shk,3.49,2233
Jr Deluxe Bu,1.49,2190
HamEggChzTst,3.29,2186
Med Cook Dgh,4.79,2172
Burger,4.39,2157
Lg Coke Zero,2.49,2132
Chili,0.6,2108
Sm Sprite,1.19,2077
Mini Pop Chk,1.49,2075
HamEgg Chz C,3.29,2068
Lg Dt Chry L,2.79,2058
Rt Lemonade,3.49,2057
Rt Cherry Sl,2.89,2052
Mn Onion Rin,1.0,2039
Med PB Shk,3.89,2030
Hickory BBQ,0.0,2020
PC Marinara,0.0,2005
PB,0.5,1990
Fm Mozz Stic,7.59,1986
Med Jolly Ch,2.59,1978
Lemonade,1.79,1952
Lg Green Tea,2.49,1935
Med Snickers,4.29,1911
Lg Grape Sl,2.69,1907
Relish,0.0,1899
Med Frz Lime,2.59,1888
Reeses,0.5,1873
Med Rnbw BR,2.59,1871
Stw Sundae,2.19,1871
Sprite,0.1,1864
Med Coke Zer,1.89,1838
Egg,1.0,1833
Sausage,1.0,1833
Sm Wtrmln Sl,1.19,1830
SS Brkfst Br,0.0,1826
Med LmnbryFr,2.29,1821
Med Stw Crm,3.89,1809
Med Dt Chry,1.99,1800
RCC Cmb,0.0,1774
Med Nerd Chy,2.59,1768
Mngr Disc,-0.4,1764
Rt Limeade,2.99,1761
Mini HiC Pun,1.0,1756
Rt Dt Chry L,2.99,1744
Rt Tea,2.79,1741
Lg Bl Coco S,2.69,1737
Med Ban CPie,4.09,1735
Sm Reeses Bl,3.59,1720
Rt Sprite,2.79,1715
Dt Cherry,0.1,1711
Med ChzCk Sh,4.09,1691
Choc Brownie,0.5,1682
Orange,0.1,1680
Sm Stw ChzCk,3.49,1676
Lg Chz Tots,2.99,1669
Rt Coke Zero,2.79,1656
Sm Banana Sh,2.99,1648
Med CDgh Brn,4.79,1646
Jr Dlx Burg,1.79,1645
Honey Mustar,0.0,1637
Med Green Te,1.89,1628
Chk Nugget (,14.99,1624
Cookie Dough,1.0,1612
Med OreoChoc,4.09,1603
Sm Grape Sl,1.19,1596
Molt Ck Fudg,4.29,1584
BW Gar Parm,17.79,1574
Fiesta Stk B,3.59,1554
Crp AsiagoCb,5.79,1548
Med Stw Ban,4.09,1531
Crml,0.5,1528
Med Crml Shk,3.89,1527
Tots,0.0,1524
Lg LmnbryFrt,2.69,1517
Lg Tea,2.49,1509
Med Choc Mal,3.89,1509
Med Ban Splt,4.79,1498
1/2 & 1/2,0.0,1493
Med Hot Fudg,3.89,1478
Milk,0.99,1469
Nuts,0.5,1469
Med Nerds Sl,2.49,1467
Mini Cherry,2.59,1458
Med Frz Chry,2.59,1447
10am1.49 Sp,-0.7,1433
Med Pnapp Fr,2.29,1430
Sm Lemonade,1.69,1412
PC BBQ,0.0,1405
Ult Chk Club,6.99,1392
Lg Vanilla S,4.59,1388
Free Rt,-0.4,1381
Med CocoCPie,4.09,1373
Snickers,0.5,1365
Rt Frz Lemoa,3.19,1364
Mint,0.1,1361
Cny/Tot 3.99,3.99,1350
Mini Choc Sh,1.99,1349
Sm Cookie Dg,3.99,1348
Lg Frz Limea,2.99,1341
Lg Stw ChzCk,4.99,1331
HamEggChz Bu,2.69,1320
Med Oran Crm,3.89,1304
Rt Root Beer,2.79,1304
Mini Stw Shk,1.99,1303
Lg Grn App S,2.69,1292
SmChiliChz F,2.69,1286
Mini BlueRsp,1.0,1285
Med WaffBerr,4.79,1281
"12"" Plain",3.79,1277
Lg Pnapp Frt,2.69,1277
Med M&M Bl,4.29,1268
Dish,1.29,1266
Mini Coke,1.0,1252
Med Float,3.09,1244
Med Jolly Sl,2.49,1237
Med Opt Prim,2.29,1234
Med Mt Blast,2.19,1233
Sm ChzCk Shk,3.49,1227
Lg Banana Sh,4.59,1222
Lg Oreo Shk,4.99,1220
Sm Frz Lemoa,1.59,1206
Med Crm Sl,3.79,1204
Med Orange S,2.19,1201
$1Amer/RCC,-0.4,1188
Rt Green Tea,2.79,1185
Med Chry Crm,3.89,1181
Med Popping,2.49,1178
Sm Dr Pepper,1.19,1178
Med Btrfngr,4.29,1162
Med Lime Frt,2.29,1157
Sm Cup Ice,0.1,1157
Med Cranberr,2.19,1153
Sm Bl Coco S,1.19,1137
BLT,3.79,1135
BW Buff 12 C,0.0,1127
Grl AsiagoCl,5.99,1125
Med Cran Lim,1.99,1122
Sm Snickers,3.59,1122
WC Snick Car,2.99,1120
CB&OR 2.99,2.99,1104
Famliy Pop C,7.59,1104
Pick 2 Combo,0.0,1101
Mini Oreo Bl,2.89,1094
Rt Blue Rsp,2.89,1090
Bacon CC Cny,3.99,1089
Fm Tater Tot,3.99,1081
Med Jolly Gr,2.59,1080
Lg Powerade,2.49,1073
Med Pnapp Sh,3.89,1066
PC Ketchup,0.0,1062
BcChz Pretz,2.89,1053
Fries,0.0,1052
Crml Sundae,2.19,1045
M&M,0.5,1039
50% Shk ADay,-0.95,1038
Lg Oreo Bl,5.29,1037
Bottle Water,1.69,1036
Apple Sauce,0.99,1028
Lg Cran Lime,2.79,1027
Lg Nerd BR S,3.19,1027
Med Oreo PB,4.09,1027
Med Turtle B,4.79,1026
Rt Wtrmln Sl,2.89,1001
Sm Shake,2.89,996
Lg OreoChzCk,4.99,995
Sm M&M Bl,3.59,994
Sundae,2.19,994
Mn Tater Tot,0.79,993
Sm PB Shk,2.99,984
Marinara,0.0,983
Sm Grn App S,1.19,973
Lg Frz Chry,2.99,972
Lg Stw Crm S,4.59,968
$1 RCC,-0.99,965
Bun,0.0,950
Sm CDgh Brn,3.99,947
Lg Jolly BR,3.19,940
BW Asian (12,9.19,939
Lg PB Shk,4.59,930
Med Frz Stw,2.59,927
Sm Nerd BR S,1.49,925
Lg Sprite Ze,2.49,918
Sm Choc Malt,2.99,905
Choc Sundae,2.19,902
Lg Cranberry,2.69,901
Ult Mt Chz B,-0.28,899
Sm Dt Coke,1.19,894
Banana Split,3.19,891
Sm Oreo Choc,3.49,884
Lg Orange Sl,2.69,883
Sm Jolly BR,1.49,881
Sm Crml Shk,2.99,879
Sm Ban Splt,3.99,878
Med Lmn Frt,2.29,874
Sm Stw Limea,1.19,872
Powerade,0.1,868
Sm Hot Fudge,2.99,867
Sm Ban CPie,3.49,866
Molt Ck Turt,4.29,862
Rt LmnbryFrt,2.89,857
Mn ChiliChz,1.59,853
MedSlush .79,0.0,851
BW Chk Wng 1,9.19,850
Lg Fanta Ora,2.49,850
PC Mustard,0.0,847
Med Sprite Z,1.89,840
Med BlCocoCr,3.89,837
Sm Rnbw BR S,1.49,828
Rt Bl Coco S,2.89,826
Sm Btrfngr B,3.59,820
Med Cup Wate,0.1,817
Mini Slush,2.49,814
Med PB CDgh,4.79,811
Sm Stw Crm S,2.99,809
Sm Jolly Chy,1.49,806
Lg Nerds Sl,3.09,805
Sm Coco CPie,3.49,804
Lg Reeses Bl,5.29,800
Lg Shake,4.49,792
Lg Ban CPie,4.99,789
Med Pop GrnA,2.59,785
Lg Choc Malt,4.59,784
WC Reese Cho,2.99,783
Item % Disc,-0.01,780
Lg Lime Frt,2.69,776
Shrd Chz,0.6,774
Ham,1.0,771
Rt Grape Sl,2.89,771
Sm Stw Ban S,3.49,769
Mini Chry Li,0.99,768
Med PB Fdg S,4.09,764
Lg Nerd Chy,3.19,763
Fm ChiliChz,5.19,762
Mini Vanilla,1.99,761
Sm Nerd Chy,1.49,761
Lg HiC Punch,2.49,758
Lg Jolly Chy,3.19,751
Lg Rnbw BR S,3.19,745
Stk Egg Br C,0.0,744
LIL CC Doggi,1.49,742
NY Dog Cmb,-0.08,735
Lg Frz Stw L,2.99,734
Lg Mt Blast,2.69,733
Sm WaffBerry,3.99,728
Mini Lemonad,1.49,718
Med Nerd Wtr,2.59,717
Rt Dt Green,2.79,716
Lg Stw Ban S,4.99,711
Grill Onion,0.3,710
Med Frz Chr,2.59,707
Lg Chry Crm,4.59,705
Mini Ocean W,0.99,705
1/2 Cone&WCS,-0.5,703
Caramel Funn,0.5,702
Rt Frz Limea,3.19,699
Sm Chz Tots,1.79,697
Butterfinger,0.5,695
Lg Pop Chk C,0.0,693
Med Bourbon,4.09,691
Med Chz Frie,2.49,691
Sm OreoChzCk,3.49,688
Lg Dt Green,2.49,684
Sm Popping S,1.39,682
Lg Oran Crm,4.59,680
Med Rnbw Chy,2.59,679
Jr Chz Brg,1.79,677
Med Blast,4.29,677
Lg Lmn Frt S,2.69,674
Med WdbyLav,4.09,672
Mini Reeses,2.89,668
Molt Ck StrB,4.29,668
Sm Root Beer,1.19,668
BW HotHoney,17.79,659
Rt Cran Lime,2.99,658
Lg Hot Fudge,4.59,657
Md SnckrCrml,5.09,654
Lg Dt Limead,2.79,652
Lg Oreo Choc,4.99,652
Coke,0.1,646
Lil Brk Grl,1.49,644
Pecans,0.69,642
Lg Float,4.29,638
Ld BacRan CC,3.99,637
Med Dt Limea,1.99,637
Mini Dr Pepp,1.0,635
FmChed R Pep,8.09,634
Sm Turtle Bl,3.99,633
Md ReesesBan,5.09,631
Med BluR Crm,3.89,620
Med Rainbow,2.49,619
Sm Sweet Tea,1.19,618
Sm Limeade,1.19,617
Croiss Dbl C,3.49,610
Med Car Brwn,4.79,610
Sm Pnapp Frt,1.29,608
Amer Dog Cmb,0.0,607
Lg ChzCk Shk,4.99,607
Lg Crml Shk,4.59,602
Mini M&M Bl,2.89,602
Med Nerd GrA,2.59,600
BW Chk Wng 6,4.79,598
$5 Chk Din,-0.79,596
Md OreoDkCh,5.09,595
BW Chk 12 Cm,-0.09,591
BW Buff 6 Cm,0.0,587
BW HnyBBQ 12,0.0,584
Med Brn Blss,4.79,584
Sm Orange Sl,1.19,580
Tot,1.89,578
LIL CLCK,1.49,576
Med Mango Sl,2.09,576
Lg Coffee,1.89,573
WC MM Strawb,2.99,573
Lg Oreo PB S,4.99,572
Rt Dt Limead,2.99,567
Med Grp Crm,3.89,566
Rt Grn App S,2.89,566
Hot Dog Day,-0.69,565
Rt Sprite Ze,2.79,564
Free Md Drnk,-0.1,563
Sm Pnapple S,2.99,562
Med Frz Frt,2.59,553
Spcy Bac CC,3.99,549
Cinnasnack C,-0.19,548
Med Rnbw GrA,2.59,548
Sm Oran Crm,2.99,542
Lg Coco CPie,4.99,541
Lg Popping S,3.09,539
Med Cok Dgh,3.89,539
Lg Jolly Slu,3.09,536
Chk Strp (4),-0.47,534
Lg Cook Dgh,5.79,534
Sm Float,2.59,534
Med VanBean,4.09,531
Sm Oreo PB S,3.49,528
Med PB Snick,4.79,519
Mini Grape S,2.59,519
Rt Cranberry,2.89,517
Sm Crm Sl,2.89,517
Lg Frz Chr L,2.99,515
Lg Snickers,5.29,514
Rt Frz Chry,3.19,513
Well Done,0.0,513
Sm PB CDgh B,3.99,512
Lg Crm Sl,4.49,511
Lil Grl Chee,0.79,502
50% Shake,0.0,500
Lil Grl Beef,1.49,500
Lg Jolly GrA,3.19,492
Sm Chry Crm,2.99,491
Sm Frz Limea,1.59,491
Mini Wtrmln,0.99,490
Mini Root Be,1.0,489
Fm Onion Rin,5.29,484
Lil Grl Chic,1.49,483
Ult Chk Cls,5.99,483
Zesty Chz,0.0,482
Mini Oreo Sh,2.49,478
Lg CDgh Brn,5.79,475
Med Trip Cho,4.79,471
Lg Opt Prime,2.69,467
Sm Jolly Sl,1.39,462
Sm Lmnbry Fr,1.29,461
Med BToffee,4.09,459
Sm Nerds Sl,1.39,459
Mini Snicker,2.89,458
Rt Pnapp Frt,2.89,458
Med Rnbw Wtr,2.59,456
Rt Powerade,2.79,455
Sm OJ,1.79,455
Md IceCoff F,2.49,453
Sauerkraut,1.0,453
LIL BFCK,1.49,449
Med Dulce Sh,4.09,445
.50 CD 5-Cl,-0.99,444
Mini Cook Dg,3.19,441
Lg BlCoco Cr,4.59,439
"6"" Plain HD",0.0,438
Real Crm,0.3,437
Md HeathVan,5.09,435
Med DrkChoc,4.09,435
Ult Chk Trd,5.99,435
Med Bumble B,2.29,433
Sm Jol GrnA,1.49,431
1/2 Buff Sau,0.0,430
Mini Stw Frt,1.29,429
$1 Hot Dog,0.0,427
Sm Rnbw Chy,1.49,424
"12"" Chicago",4.29,422
Mini Nerds S,4.29,421
Rt Lime Frt,2.89,420
Sm Unswt Tea,1.19,420
Lg PB Fdg Sh,4.99,417
Lg WaffBerry,5.79,415
Rt Mt Blast,2.89,411
Mini Grn App,0.99,409
4oz Patty,1.0,408
Chocolate Fu,0.5,407
Lg Pnapple S,4.59,403
Med Megatron,2.29,403
Sm Mt Blast,1.19,401
Rt Orange Sl,2.89,399
Sm OreoDkCh,4.29,398
Md BtfngrPB,5.09,395
1/2 Wings,-1.76,394
Sm HiC Punch,1.19,393
Lg Chz Fries,2.99,389
Side of Jala,0.6,389
Dr Pepper,0.1,388
Blue Hawaiia,0.3,387
"12"" Amer Dog",3.99,385
Fm Tots,3.99,384
Tu 1/2$ Burg,-2.2,382
Malt,0.5,381
Rt Lmn Frt S,2.89,381
Hny BBQ Sauc,0.0,380
Sm PB Fdg Sh,3.49,380
PB Funnel,0.5,379
Sm ReesesBan,4.29,378
Mini Banana,1.99,377
Sm SnckrCrml,4.29,375
1/2 Hny BBQ,0.0,374
Med Nerd Grp,2.59,374
Pina Colada,0.3,372
Mini StwCzCk,2.49,370
Lg BluR Crm,4.59,369
Med Stw Malt,3.89,369
Rt Nerd BR S,3.39,369
Gravy,0.5,368
Mn Fries,0.79,368
"12"" NY Dog",3.99,364
Free Slush,0.0,363
Lg Nerd Wtr,3.19,363
BW HnyBBQ 6,-0.08,362
Fm Fries,3.99,360
Total % Disc,-0.39,359
Sm Brn Blss,3.99,357
BW Asian 12,-0.29,355
Sm WdbyLav S,3.49,355
Rt Nerds Sl,3.29,353
SEC Br Cmb,-0.59,352
Mini Bl Coco,2.59,349
Sm Car Brwn,3.99,349
Sm CrmSl .79,-2.1,348
Sm Fanta Ora,1.19,347
Med Dt Green,1.89,345
Med Iced Cof,2.49,342
Sm Frz Chry,1.59,342
Sm BlCoco Cr,2.99,341
Pnapp Sundae,2.19,340
Side Gravy,1.0,340
Med WtrmlnCr,3.89,338
Vanilla Crm,0.5,338
Lg Grp Crm S,4.59,337
Rt Frz Stw L,3.19,337
1/2 Asian Sa,0.0,336
OJ,0.1,336
Lg Frz Frt L,2.89,334
Burger Cmb,-0.28,333
Ciabatta,0.6,332
Sm HeathVan,4.29,332
Sm Pop GrnA,1.49,332
Ult FieryChk,6.49,332
Med Bday Ck,4.09,331
Mn Tots,0.79,331
Pretz Dog,2.29,330
Sm Bourbon S,3.49,330
Mini Btrfngr,2.89,328
Buffalo Sauc,0.0,327
Real Banana,0.5,326
10am1.49Lem,-0.1,324
BOGO Burger,0.0,322
Crispy Chk C,-0.12,320
Lg PB CDgh B,5.79,319
Md M&M Strw,5.09,319
Sm Lime Frt,1.29,317
Lg Btrfngr B,5.29,316
Lg Ban Splt,5.79,315
Lg Rnbw GrA,3.19,315
Lg Rnbw Chy,3.19,311
Mini Jolly S,2.59,311
Mini Fanta O,1.0,308
Spicy Must,0.0,308
Jr Dlx CB.79,-0.37,307
Lg Nerd GrA,3.19,307
BEC Br Cmb,-0.19,306
Med Cran,2.19,305
BLT Cmb,-0.59,304
Lg Bourbon S,4.99,304
No Rind,0.0,303
Med StwShCk,4.09,301
Rt Dt Stw Li,2.99,301
Med Fresh Fr,2.29,300
Sm Cranberry,1.19,300
Pineapple,0.5,299
Lg M&M Bl,5.29,298
FmChiliChz F,5.19,296
Lg Pop GrnA,3.19,292
Green Mnt Co,1.89,290
Lg Turtle Bl,5.79,289
Md CookDgh C,5.09,289
Sm Opt Prime,1.49,288
Sm Trip Choc,3.99,287
WP 1.99,0.0,286
Mini CDgh Br,3.19,285
Fr Vanilla,0.1,284
BW PnapHab (,4.79,283
Caramel,0.1,281
Med Peach Sl,2.09,278
Fanta Orange,0.1,276
Lg WdbyLav S,4.99,275
Lg IceCoff F,2.99,273
Tx Toast,1.0,273
LIL KMST Dog,1.49,272
Peachy Navel,0.3,271
Rt Jolly BR,3.39,270
Mini Shake,1.89,268
Strw Mang Ma,0.3,268
Sm PB Snick,3.99,267
Mini OreoChz,2.49,266
Sm BToffee S,3.49,266
Sm Lmn Frt S,1.29,264
Bacon TrpChz,3.49,263
Lg Rnbw Wtr,3.19,263
Strw Daiquir,0.3,263
LIL Bac Ran,1.49,261
Med Rnbw Grp,2.59,261
Sm Grp Crm S,2.99,260
Sm Rnbw GrnA,1.49,260
Rt Rnbw BR S,3.39,259
Sm Nerd GrnA,1.49,258
Mini PB Shk,1.99,256
Med PopBlCoc,2.59,255
Rt Fanta Ora,2.79,254
Med Malt,3.79,253
Sm VanBean S,3.49,253
Sm BluR Crm,2.99,251
Mini Crml Sh,1.99,250
Mini Sweet T,1.0,249
Sm Nerd Wtr,1.49,248
StwSht Ck Wa,2.99,248
Sport Peps,1.0,247
Med Powade S,2.19,246
Caesar,0.0,243
Lg DrkChoc S,4.99,243
"HH $1 6"" RCC",-0.99,242
Med Java Chi,3.19,241
Sm Cok Dgh S,2.99,241
Sm Dt Dr Pep,1.19,240
Lg Mango Slu,2.59,239
.50 Grl Chz,0.0,238
Lg BToffee S,4.99,238
Activate Gif,0.0,237
LIL BBQBAC,1.49,237
Jr Dlx CB.89,-0.6,234
Mango Margar,0.3,234
Rt Popping S,3.29,234
Lg Rainbow S,3.09,233
Sm M&M Strw,4.29,233
No Mayo,0.0,232
Rt44 Dr .99,-1.4,231
Lg Dt Stw Li,2.79,228
Rt HiC Punch,2.79,227
Free Burger,-1.79,226
Rt Nerd Chy,3.39,225
Sm Vanilla M,2.99,219
Rt Frz Chr L,3.19,218
Rasp Tea,0.0,216
Sm BtfngrPB,4.29,216
Sm Dt Chry L,1.19,216
Sm Powerade,1.19,216
Mini HotFdge,1.99,215
Mini Orange,0.99,215
Rt Frz Frt L,3.19,215
Med PopGrape,2.59,214
Mini Oreo Ch,2.49,214
Lg Dr .99,0.0,213
Onion Ring,0.75,213
Onion Rings,0.6,213
Med Tea,1.89,211
Sm DrkChoc S,3.49,211
Cut In Half,0.0,210
Rt Jolly Chy,3.39,210
AD LgDr.99,-0.9,209
Rt Jolly Sl,3.29,209
$5Chk Dinner,5.0,207
Oreo Chocola,0.5,207
Sm Dulce Shk,3.49,207
Lg VanBean S,4.99,206
Sm Green Tea,1.19,205
Lg Stw Malt,4.59,204
Md IceCoff C,2.49,204
Sm Stw Malt,2.99,204
Hi C Punch,0.1,202
MnChiliChz F,1.59,202
Jr Burger,1.49,201
Graham Crack,0.5,200
Med Dt Stw L,1.99,199
Lg Dulce Shk,4.99,198
Mini Turtle,3.19,198
Croiss Must,2.99,196
Med Sonic Sp,1.79,196
Sm CookDgh C,4.29,196
CB Zst Mont,4.79,195
Lg Car Brwn,5.79,195
Lg WtrmnCrm,4.59,194
Lg Iced Coff,2.99,193
Mini Popping,4.79,193
Sm Blast,3.59,193
Make Thick,0.0,192
PB Cream,0.2,191
"12"" Coney Cm",0.0,189
Med Oreo Cr,4.09,189
Rt Fresh Frt,2.89,189
Lg PB Snick,5.79,188
Mini Stw Lim,1.89,188
Mini BanCPie,2.49,187
Fish Sand,3.89,186
Md CustConcr,5.09,184
No Salt/Pep,0.0,183
Sm Frz Stw L,1.59,183
Phi Stk,1.0,182
Lg Cok Dgh S,4.59,180
BW Asian 6 C,-0.21,179
Lg Vanilla M,4.59,178
Med Crml Chi,3.19,178
Sm Rainbow S,1.39,178
BBQ Wing Sau,0.0,177
Lg Brn Blss,5.79,177
Free Hot Dog,0.0,176
Mini Dt Coke,1.0,176
Lg Nerd Grp,3.19,175
Mini Ban Spl,3.19,175
BW Habanero,17.79,174
Med Oreo Ck,4.09,172
"6"" Dog Bun",0.0,171
Chk Nugget 6,-0.38,171
Lg OreoDkCh,6.09,171
Mini WafBerr,3.19,171
Sm Frz Chr L,1.59,171
Black Cherry,0.1,170
Mn Apples,0.0,170
Sm Rnbw Wtr,1.49,170
Sm Bday Ck S,3.49,169
Lg Cup Water,0.3,168
Mn OreoDkCh,3.49,167
79c FrznLemo,0.79,166
Sm Nerd Grp,1.49,164
1/2$ Burg,-2.2,163
BcChzPretzDo,-0.57,163
Sm Frz Frt L,1.59,163
BOGO CB,0.0,162
Med Frozen T,2.59,162
Mini ChzCk S,2.49,162
Pmpkn Pie,0.3,161
Med Heath Bl,4.29,160
Mini Pnapple,1.99,160
1/2 FtConey,-1.9,158
Chk Snd Cmb,-0.18,158
Hazelnut,0.1,158
Lg Trip Choc,5.79,158
Wp Pop Chk C,3.89,158
Lg Powade Sl,2.69,157
Mini StwBan,2.49,157
Bday Cake Wa,2.99,156
Drink Carrie,0.0,156
Lg SnckrCrml,6.09,156
Mini CocCPie,2.49,156
Sm Sprite Ze,1.19,156
Stw Lime,0.1,155
Lg Fresh Frt,2.69,152
Lg Rnbw Grp,3.19,152
No Salt,0.0,152
.50 Corn Dog,0.0,151
Lg Frozen Te,2.99,151
Lg ReesesBan,6.09,151
Med Rasp Slu,2.09,151
Grl Chk Wrap,4.99,149
Heath,0.4,149
Lg Megatron,2.69,149
Sm CustConcr,4.29,149
$1 RCC Dog,0.0,147
Mini Frz Lem,1.49,147
Rt Frozen Te,3.19,147
Rt Opt Prime,2.99,147
Sm Rnbw Grp,1.49,146
Lg Malt,4.49,145
Turtle Pecan,0.5,145
Chk Nugget12,-0.68,144
Rt Sonic Spl,2.69,143
Rt Jolly GrA,3.39,142
LIL CZYBACN,1.49,141
Med Pine Up,4.79,141
Lg Peach Slu,2.59,140
Med Banana B,4.79,139
Sm PopGrape,1.49,138
Sm Wtrmln Cr,2.99,138
Lg Bumble Be,2.69,137
Med Crml Mal,3.89,137
Mini Choc Ma,1.99,137
50% Slush,0.0,136
Mini Powerad,1.0,136
Sm Malt,2.89,136
Med Banana M,3.89,135
Sm Chz Fries,1.79,135
Ched R Peps,3.69,134
Cr Chk Mont,5.49,134
Wp Popcorn C,3.89,134
Asi Crsp Clb,-0.29,133
LIL Baj C Do,1.49,132
BW Isl Fire,16.99,131
Dt Stw,0.1,130
Mini Crm Sl,1.89,130
Oreo Cake Wa,2.99,130
Rt Rnbw GrA,3.39,130
Chry Limeade,0.1,129
LIL Chk RANC,1.49,129
Sm Cran Lime,1.19,129
Mn SnckrCrml,3.49,128
No Mustard,0.0,128
Ult Fiery Ch,4.89,128
Mini PB CDgh,3.19,127
Mini Stw Crm,1.99,126
LIL LdCc Dog,1.49,124
Med HotFudg,3.89,124
BW PinapHab,17.79,122
Rt Rnbw Chy,3.39,122
BW Chk 6 Cmb,0.0,121
PanCake on S,1.99,121
.99 Hot Dog,0.0,120
Lg Sonic Spl,2.39,120
Sm Bumble Be,1.49,120
Ch Chz Tots,1.3,119
Lg Pop BlCoc,3.19,119
FTCn/TT3.99,0.0,118
BW Chk Wng 2,17.79,117
Ult Dnk Chk,6.49,117
Lg Blast,5.29,116
Mn HeathVan,3.49,116
Rt Nerd Wtr,3.39,116
Toast,1.0,116
1/2 Gar Parm,0.0,115
50% Blast,0.0,115
Praline Peca,0.1,115
Pom Hibiscus,0.0,112
Sm Coke Zero,1.19,112
Sm StwShCk S,3.49,112
Med Choc Ban,4.09,111
Med GrnAp Cr,3.89,111
Chili DblChz,2.99,110
Mini Car Brw,3.19,110
Mn ReesesBan,3.49,110
79c Frzn Lim,0.79,109
Lg Bday Ck S,4.99,108
Side Cherry,0.5,108
Sm Pop BlCoc,1.49,108
Mini Rainbow,1.19,107
Rt Nerd GrA,3.39,107
Crsp Chk Wra,4.99,106
Med Blnd Flo,3.09,106
Med FrzTeaPo,2.09,106
Rt Rainbow S,3.29,105
Sm Heath Bl,3.59,105
10% Discount,-0.18,104
BW GarParm6,-0.28,104
Lg Pop Grape,3.19,104
Dark Chocola,0.2,103
Lg HeathVan,6.09,103
Lg IceCoff C,2.99,103
Mn M&M Strw,3.49,103
Lg StwShtCk,4.99,102
Mn BtfngrPB,3.49,101
Sm Hot Fdge,2.99,101
"12"" ChzyBc D",3.99,100
BBQ Season,0.5,100
Lg BtfngrPB,6.09,100
Lg IceCoff P,2.99,99
Sm Mango Slu,1.19,99
Med ChocMnt,4.79,98
Rt Bkbry Slu,2.79,98
Salted Marga,0.3,98
Caramel Twis,0.2,97
GarParm Sauc,0.0,97
Med Mocha Ch,3.19,97
Pickle Spear,1.0,97
Tea Lemon,0.1,97
"12"" NY Dog C",-0.48,96
Fish Sand Cm,-1.08,96
Mini WdbyLav,2.49,96
Fm Chz Tots,4.59,95
Sm Banana Ma,2.99,95
Lg CookDgh C,6.09,94
Med Choc Brn,4.79,94
Mini PB Fdg,2.49,94
"12""ChcagoDog",-0.65,93
American,0.6,93
Med Bkbry Sl,2.09,92
Mini Oreo PB,2.49,92
Mini Unswt T,1.0,92
Rt Pop GrnA,3.39,92
Sm Oreo Cr S,3.49,92
1/2 Burg,-2.1,91
Sausage Patt,1.0,90
Asian Sauce,0.0,89
Med Nerd Org,2.59,89
Mocha,0.1,89
Spy Chk Strp,5.79,89
Lt Ranch,0.0,88
Lg Energy AM,2.49,87
Lg Mango Sl,2.59,87
Mint Oreo,0.2,87
Rt Mango Slu,2.79,87
Sm Megatron,1.49,87
BW FireChpo,9.19,86
Med Pnap Crm,3.79,86
Oreo PB,0.5,86
Med ChocCPie,4.09,84
Mozz Sticks,3.39,84
No Ketchup,0.0,84
Rt Peach Slu,2.79,84
Sm Banana Bo,3.99,84
DblStuff Fun,0.5,83
Med LmnbryCr,3.89,83
Mini Chry Cr,1.99,83
PC Mayo,0.0,83
Total $ Disc,-0.02,83
"12"" Dog Bun",0.0,82
BOGO Ft Cny,0.0,82
Free ChryLim,-1.99,82
Ult Fiery CB,-0.53,82
GarParmSeaso,0.5,81
Med Engy Bry,2.29,81
Chocolate Tw,0.2,80
Mini Oran Cr,1.99,80
Dt Chry Lime,1.19,79
Lg Oreo Cr S,4.99,79
Toffee,0.1,79
LIL BQCK,1.49,78
AsiagoGrlClb,-0.37,77
Mini Nerd BR,2.29,77
Sm Tea,1.19,77
2oz Patty,1.0,76
Lg Peach Sl,2.59,76
Mini Rnbw BR,1.49,76
Lg Blended F,4.29,75
Mini Brn Bls,3.19,75
Mini Opt Pri,1.29,75
Sm Dt Limead,1.19,75
Med Lime Crm,3.89,74
Mini Boubon,2.49,74
Sm Fresh Frt,1.29,74
Med MangoCrm,3.79,73
Med Stw CPie,4.09,73
Rt Cup Water,0.4,73
Rt Rasp Slus,2.79,73
Sm Java Chil,2.69,73
Dbl Stuff Or,0.2,72
Med Choc Stw,4.09,72
Med Rasp Tea,1.89,72
Mini Limeade,0.99,72
Mini Trip Ch,3.19,72
Mn CustConcr,3.49,72
Sm Caramel C,2.69,72
Sm Pine Up B,3.99,72
50% CrmSlush,0.0,71
Lg Hot Fdge,4.59,71
Rt Pop BlCoc,3.39,71
Side Sausage,1.0,70
Sm Oreo Ck S,3.49,70
SrirachaSeas,0.5,70
HotHoney Sau,0.0,69
Lil Family C,-0.36,69
Md IceCoff P,2.49,69
Md PmpknPie,5.09,69
Med PB Cook,4.09,69
Asiago,0.6,68
Energy,0.5,68
FTCn/TT2.99,0.0,68
Lg Crml Malt,4.59,68
Lg Engy BryB,2.49,68
Mini Van Mal,1.99,68
Lg MangoCrm,4.49,67
Lg Rasp Slus,2.59,67
Mn CookDgh C,3.49,67
PC Picante,0.0,67
BW SwtSesame,17.79,66
Lg Banana Ma,4.59,66
Med FrzTBlck,2.59,66
Mini Dt Dr P,1.0,66
Mini PB Snic,3.19,66
Sm Choc Brn,3.99,66
Lg FrzTea Po,2.59,65
Lg M&M Strw,6.09,65
Lg SwtCrm So,2.79,65
Sm Nerd Org,1.49,65
10am.99JrBur,-0.3,64
Med Pnapple,3.89,64
Mini Mt Blas,0.99,64
Stw Ban,0.5,64
Super Peach,0.1,64
Med FrzTea S,2.59,63
Mini Float,2.09,63
Mini Heath B,2.89,63
Rt Nerd GrP,3.39,63
Make Sweet,0.0,62
Med StrawPie,4.79,62
Wildberry,0.1,62
1/2 HotHoney,0.0,61
1/2OFF CB,0.0,61
Free Fry/Tot,-1.89,61
BEC French T,3.99,60
Med SwtCrm S,2.19,60
Mini Blast,2.89,60
Lg FrzT Blck,2.99,59
Med PB Ban S,4.09,59
Rt Megatron,2.99,59
Wp Chk Nug,0.0,59
Wp Chk Nug C,4.29,59
Rt Rnbw Wtr,3.39,58
Tortilla,0.0,58
Med ChocMint,4.09,57
Side Bacon,0.6,57
Sm Crml Malt,2.99,57
Sm Peach Slu,1.19,57
$5ChkDn+Dr,-0.66,56
BW Asian (24,17.79,56
Hd Poppy Bun,0.6,56
Lg CustConcr,6.09,56
Med Energy A,2.29,56
Mini Nerd Ch,1.49,56
Med ChryCrm,2.29,55
Mini BToffee,2.49,55
Open Food,0.01,55
Sm GrnAp Crm,2.99,55
Dt Lime,0.1,54
Lg Stw Lime,2.69,54
SEC French T,3.99,54
Lg GrnA Crm,4.59,53
Med Rasp Sl,2.09,53
Mini VanBean,2.49,53
Tst/Lg Dr199,0.0,53
BOGO Chk Snd,0.0,52
Free Cone,0.0,52
Lg Java Chil,4.39,52
Rt Powade Sl,2.89,52
Caramel Brow,0.5,51
Lg Oreo Ck S,4.99,51
Med Lmn Crm,3.89,51
Mini Cok Dgh,1.99,51
Mini Cup Ice,0.1,51
Mini DrkChoc,2.49,51
Lg Lime Crm,4.59,50
Med DblOreo,4.79,50
Med GrChlChz,3.09,50
Med Hawaiian,1.89,50
Med Pecan Pi,4.79,50
Mini Frz Lim,1.49,50
Mini Jolly B,2.29,50
Sm Choc Ban,3.49,50
Sm ChocMnt B,3.99,50
Cheddar,0.6,49
Lg Caramel C,4.39,49
Med MintOreo,4.79,49
Mini Coke Ze,1.0,49
Mini Cup Wat,0.1,49
Sm Stw CPie,3.49,49
Chipotle Mar,0.3,48
Chk Club Tst,4.99,48
Extra Candy,0.5,48
HEC Br Cmb,-1.48,48
Mini BlCo Cr,1.99,48
Lg Choc Ban,4.59,47
Lg Pine Up B,5.79,47
Md OreoChoc,5.09,47
Mn Chz Tots,1.39,47
Unswt Tea,0.0,47
Lg Lmnbry Cr,4.59,46
On the Side,0.0,46
BW Buff 24 C,-0.18,45
BW HotHoney6,-0.28,45
Bac CC Cmb,-0.18,45
Lg Pnap Crm,4.49,45
BW GarParm12,0.0,44
Burrito .99,-1.5,44
Dt Coke,0.1,44
Lg Banana Bo,5.79,44
Lg Nerd Org,3.19,44
Med Cake Shk,4.09,44
Mini BluR Cr,1.99,44
Mini Jolly C,1.49,44
Rt Peach Sl,2.79,44
Rt Rnbw Grp,3.39,44
Wp FrnTst Cm,3.49,44
Mini Stw Mal,1.99,43
Mozz Stk .99,0.0,43
Sm Dt Green,1.19,43
Sm Iced Coff,1.99,43
Sm Rasp Slus,1.19,43
Sweet Tea,0.0,43
Med PeachCrm,3.79,42
PnapHab Sauc,0.0,42
Sm Choc Stw,3.49,42
Brioche,0.0,41
Brk Tst .99,0.0,41
Lg Slush .99,0.0,41
Mini Lmbr Fr,1.29,41
Sm Coffee,1.89,41
Sm PmpknPie,3.49,41
1/2 PnapHab,0.0,40
Burr & Drink,2.6,40
Lg Bkbry Slu,2.59,40
Rt Bumble Be,2.99,40
Crsp Chk Pat,1.59,39
Lg ChocMnt B,5.79,39
Lg Rasp Sl,2.59,39
Mini Bumble,1.29,39
Mini Pnap Fr,1.29,39
Coke Zero,0.1,38
Mini Dulce S,2.49,38
Sm Mango Sl,1.19,38
Spy Chk Dinn,6.59,38
BOGOConcrete,-3.49,37
Ch Chz Fries,1.1,37
Lg FrzTea St,2.99,37
Lg PeachCrm,4.49,37
Lg Stw CPie,4.99,37
Pnapp Blkber,0.1,37
Sm MangoCrm,2.99,37
Sm Pnap Crm,2.99,37
Wp Frn Tst,3.49,37
Chz Tots,0.6,36
Gr Chk Patty,2.0,36
Lg PB Cookie,4.99,36
Sm Mocha Chi,2.69,36
Sm Sonic Spl,1.09,36
Ld BacRan Cm,-0.68,35
Lg ChryCrm S,2.89,35
Lg Lmn Crm S,4.59,35
Med Van Crm,2.29,35
Med FrzClubH,2.59,34
Rt Engy BryB,3.19,34
Sm IceCoff F,1.99,34
10am LgEnrgy,-1.0,33
BOGO HD,0.0,33
Med CrmlCoco,4.79,33
Mini Frsh Fr,0.99,33
Mini Lmn Frt,1.29,33
Rt SunBerry,2.79,33
Sm Cran,1.79,33
Sm Rnbw Org,1.49,33
Wp Toy w/o P,1.0,33
Lg Pnapple M,4.59,32
Lg Van Crm S,2.89,32
Maple Syrup,0.0,32
Med Sp Pop C,3.99,32
Mini Bday Ck,2.49,32
Mini Rnbw Gr,1.49,32
Pretz Dog Cm,-1.58,32
Rt Bkbry Sl,2.79,32
Rt FrzTea Po,2.79,32
BW HtHoney12,-0.23,31
Lg Rasp Tea,2.49,31
Med ChryChCk,4.09,31
Mini Cran Sl,1.0,31
Mini Lime Fr,1.29,31
Sm Blended F,2.59,31
Sm Frozen Te,1.59,31
Sm Lmnbry Cr,2.99,31
Sm PB Ban Sh,3.49,31
Spy Chk Din,-0.33,31
WP .99,0.0,31
Dt Dr Pepper,0.1,30
Green Tea,0.0,30
Med BkbryCrm,3.79,30
Mini Pop GrA,1.49,30
Pretzel Bun,0.5,30
Sm PeachCrm,2.99,30
Triple Choco,0.5,30
Ult Dnk BBQ,-0.3,30
Lg Choc Stw,4.99,29
Lg PmpknPie,4.99,29
Med Pine BkB,1.89,29
Med Rnbw Org,2.59,29
Med SltCarPr,4.79,29
Sm Lime Crm,2.99,29
Sm Mozz .99,-1.8,29
Sprite Zero,0.1,29
Ult Dnk Buff,-1.58,29
Vanilla Bean,0.2,29
Isl Brz,0.1,28
Lg Choc CPie,4.99,28
Lg FrzTea Wl,2.99,28
Lg Heath Bl,5.29,28
Med FrzTeaWl,2.59,28
Mini Rnbw Ch,1.49,28
Rt FrzT Blck,3.19,28
Rt PopGrape,3.39,28
Rt SwtCrm So,3.09,28
Sm Choc CPie,3.49,28
Sm OreoChoc,4.29,28
Lg Hawaiian,2.49,27
Lg RaspCrm S,4.49,27
Make Thin,0.0,27
Mini Cran Li,0.99,27
Mini Frz Chr,1.59,27
Mini Wtrm Cr,1.99,27
Crml Coconut,0.2,26
Lg Choc Brn,5.79,26
Lg GrChilChz,3.59,26
Mini Jol GrA,1.49,26
Rt FrzTea St,3.19,26
Rt Stw Lime,2.89,26
Salt,0.0,26
Side Toast,0.6,26
Sm DblOreo B,3.99,26
Sm MintOreo,3.99,26
Sm PB Cookie,3.49,26
.50 Cone,0.0,25
1/2 Haban Sa,0.0,25
10am LgSpark,-1.0,25
BOGO Toaster,0.0,25
BlackPepperM,0.0,25
Cpn $1,-0.39,25
Lg Pine BkBr,2.49,25
Med StwCrm S,2.29,25
Sm Cake Shk,3.49,25
Sm StrawPie,3.99,25
1/2 IslFir S,0.0,24
Med SunBerry,1.89,24
Mini OreoCar,2.49,24
Rt Rasp Sl,2.79,24
Sm Lmn Crm S,2.99,24
BOGO Shake,0.0,23
Haban Heat S,0.0,23
Lg Bkbry Sl,2.59,23
Lg Mocha Chi,4.39,23
Lg SunBerry,2.29,23
Med Frz BC L,2.59,23
Mini Dt Chry,0.99,23
Mini Frz Frt,1.59,23
PC Salt,0.0,23
Rt Mango Sl,2.79,23
Brk Tst 1.99,0.0,22
Chocolate Mi,0.2,22
Med Nerd Crm,3.39,22
Mini Bana Bo,3.19,22
Mini HotFdg,1.99,22
Mini Malt,1.89,22
Oreo Caramel,0.5,22
Sm CrmlCoco,3.99,22
Baja,0.0,21
Lg ChryChzCk,4.99,21
Med PB Crm B,4.79,21
Med SltCarCh,4.79,21
Mini Megatro,1.29,21
Mini Pine Up,3.19,21
Oreo Cake,0.2,21
Pecan Pie,0.0,21
Rt FrzTea Wl,3.19,21
Sm Choc Mint,3.49,21
Sm Cup Water,0.1,21
Sm Pnapple M,2.99,21
Wildberry La,0.2,21
Choc Mint,0.5,20
Fiesta Sauce,0.0,20
Free Shake,-2.99,20
Gallon Unswe,4.99,20
Lg  PB Ban S,4.99,20
Pepper,0.0,20
Rt Iced Coff,3.99,20
Rt Rasp Tea,2.79,20
Sm Pecan Pie,3.99,20
2 CD/.99,0.0,19
BW PnapHab12,-1.58,19
Buttered Tof,0.2,19
Gr Chk Mont,5.69,19
Lg Blkbry Sp,2.49,19
Med Cran Crm,3.79,19
Med RaspCrm,3.79,19
Mini ChocMnt,3.19,19
Mini Nerd Wt,1.19,19
Spy Chk (4),-2.28,19
Coffee Crml,0.1,18
Lg Frz BC Le,2.99,18
Mini Nerd Or,2.59,18
Mini Oreo Ck,2.49,18
PC Syrup,0.0,18
Rt Nerd Org,3.09,18
Sm Lem Pie S,3.49,18
1/2 Brk Br,0.0,17
BW IslFire12,-1.78,17
Lg Energy Ze,2.49,17
Lg FrzClubHs,2.99,17
Lg MintOreo,5.79,17
Mini ChocBan,2.49,17
Mini Green T,1.0,17
Mini Nerd Gr,1.49,17
Mini PopGrap,1.49,17
Mini StwShCk,2.49,17
Sm Dt Stw Li,1.19,17
Sm Peach Sl,1.19,17
Sm Stw Lime,1.29,17
2 CrnDog .99,-1.99,16
BW Chk Wng (,13.49,16
BW PnapHab6,-0.38,16
Chk Strip,1.0,16
Croissant,0.0,16
Crsp Chk Wrp,-1.28,16
Lt Mayo,0.0,16
Med CF Dt Co,1.89,16
Med PBCar Pi,4.09,16
Mini Crml Ma,1.99,16
Mn OreoChoc,3.49,16
Sm Bkbry Slu,1.19,16
Sm Engy BryB,1.89,16
1.99 Wacky P,1.99,15
BOGO SSCB,0.0,15
Chk Strp (5),0.0,15
Cran Lime,1.99,15
FREE LGDK,-0.6,15
Lg DblOreo B,5.79,15
Med FrzBcClb,2.59,15
Med JPC Sri,4.59,15
Mini Choc Br,3.19,15
Mini Fr Stw,1.59,15
Mini Nerds G,1.49,15
Rt ChryCrm S,3.19,15
Rt Energy AM,3.19,15
Rt Hawaiian,2.49,15
Sm ChocChzCk,3.49,15
Sm FrzTea Po,1.19,15
Sm IceCoff P,1.99,15
Sm Rasp Sl,1.19,15
"12""/Tots 249",0.0,14
Bourbon Brn,0.2,14
Isl Fire Sau,0.0,14
Lemon Pie,0.5,14
Lg BkbryCrm,4.49,14
Lg OreoChoc,6.09,14
Lg Pecan Pie,5.79,14
Med Energy Z,2.29,14
Mini Grp Crm,1.99,14
Mn Chz Fries,1.39,14
PC Honey Mus,0.0,14
Rt IceCoff C,3.99,14
Rt Van Crm S,3.19,14
Side Egg,1.0,14
Sm ChryChzCk,3.49,14
Sm IceCoff C,1.99,14
Sm RaspCrm S,2.99,14
1/2 Sweet Se,0.0,13
1oz Patty,0.5,13
"BOGO 6"" Cny",0.0,13
BOGO Burrito,0.0,13
BOGO Sundae,0.0,13
Ched Chz,0.99,13
Cny/Tot,3.99,13
Fire Chipotl,0.0,13
Gallon Sweet,4.99,13
Lg JPC Par,5.79,13
Lg PomHib Te,2.49,13
Lg StwCrm So,2.89,13
Med PomHib T,1.89,13
Med Sprite L,1.89,13
PC HoneyMust,0.0,13
PC Sugar,0.0,13
Side of HnyB,0.75,13
Sm SltCar Ch,3.99,13
Tartar Sauce,0.0,13
FREE LGPR,0.0,12
Free Sundae,0.0,12
Lg Choc Mint,4.99,12
Lg CrmlCoco,5.79,12
Lg Nerd Crm,4.39,12
Md IceCoff T,2.49,12
Med JPC Par,4.59,12
Med Lem Pie,4.09,12
Mini Mango S,0.99,12
Mini Shk .99,0.0,12
Rt BlkBrySpl,2.59,12
Rt Energy Ze,3.19,12
Rt Pine BkBr,2.59,12
Sm ChryCrm S,1.59,12
3 Cinna .99,-1.6,11
All Day HH,-0.95,11
BOGO Blast,0.0,11
FREE BBDRK,-4.88,11
Lg FrzBcClbT,2.99,11
Lg StrawPie,5.79,11
Lg Van Sl,2.69,11
Md Barqs Flo,3.19,11
Med ChocChCk,4.09,11
Med Pwrade C,3.79,11
Mini ChryLim,1.59,11
Mini Rasp Sl,0.99,11
Mini StrawPi,3.19,11
Rt ClubHouse,2.79,11
Side of Buff,0.75,11
BW Haban 12,-1.78,10
Burr & Coffe,3.0,10
Chz Fries,0.6,10
CornDog .99,0.0,10
Feed 2 Combo,-5.55,10
Habanero,0.0,10
Med PB Snckr,4.79,10
Mini ChocStw,2.49,10
Pepper Jack,0.6,10
Rt IceCoff F,3.99,10
Sm Hawaiian,1.19,10
Sweet Sesame,0.0,10
BW Chk 24 Cm,-1.78,9
Crm Herb Sau,0.25,9
Dulce De Lec,0.2,9
Free ORs,-2.49,9
Lg Barqs Flo,4.39,9
Lg ChocChzCk,4.99,9
Lg JPC BBQ,5.79,9
Lg LA .99,0.0,9
Lg Sp Pop Ch,5.19,9
Med DrkChcCh,4.79,9
Med SonicSun,1.79,9
Mini Peach S,0.99,9
Mini StwCPie,2.49,9
Mn PmpknPie,2.49,9
Shake .99,0.0,9
Sm Bkbry Sl,1.19,9
Sm SltCarPrz,3.99,9
Smoky Bac Ra,0.0,9
Ult Dnk GPar,-1.58,9
BOGO Croiss,0.0,8
BW Asian 24,-1.78,8
ChChz Pretz,2.69,8
Crois Dbl CH,-0.1,8
Fm Chz Fries,4.59,8
Lg ClubHouse,2.49,8
Lg IceCoff T,2.99,8
Lg SltCar Ch,5.79,8
Med BlkbrySp,1.89,8
Med ClubHous,1.89,8
Med Custard,0.0,8
Med Mango Li,1.89,8
Med Salt Car,3.79,8
Med Van Sl,2.19,8
Mini MintOre,3.19,8
PB Caramel P,0.5,8
Rt FrzClubHs,3.19,8
Wp Under 3 T,0.0,8
2.99 Brk Bun,2.99,7
BOGO Strw WC,0.0,7
BourbonBBQ S,0.0,7
HD 1.49,0.0,7
Icing,0.5,7
Lg BlckChry,2.49,7
Lg JPC Sri,5.79,7
Med GrpCrm S,2.29,7
Med NChy Crm,3.39,7
Med NWtM Crm,3.39,7
Med PBOreoPr,4.79,7
Med Rasp Crm,3.79,7
Mini ChcCPie,2.49,7
Mini Dt Lime,0.99,7
Mini M&M,0.0,7
Mini PBCook,2.49,7
Mini Pnapp M,1.99,7
Mini Rnbw Wt,1.49,7
Monterey Jac,0.6,7
Poppy 6 in,0.6,7
Sm Cran Crm,2.99,7
Sm Pine BkBr,1.19,7
Sm Sunberry,1.19,7
Sonic BOOM,0.1,7
Sour Blue Ra,0.1,7
Swiss,0.6,7
Wheat Bun,0.0,7
Brk Br 1.99,0.0,6
Dark Choc Pt,0.2,6
Lg CF Dt Cok,2.79,6
Lg Fanta Str,2.49,6
Lg Frz Wld L,2.99,6
Lg NChy Crm,4.39,6
Lg Pwrade Cr,4.49,6
Lg Sonic Ene,2.49,6
Md Slush .59,0.0,6
Med ChocOreo,4.79,6
Med Crml BP,4.09,6
Med Fanta St,1.89,6
Med NBR Crm,3.39,6
Mini MangoCr,1.99,6
Mini PB Ban,2.49,6
Mozz 1.49,0.0,6
PC SweetNLow,0.0,6
Rt Frz BC Le,3.19,6
Sm BkbryCrm,2.99,6
Sm GrChilChz,2.39,6
Sm Van Crm S,1.59,6
$1 WP,-1.0,5
Atomic Lemon,0.1,5
BW Haban 6 C,-0.38,5
Creamy Chipo,0.0,5
CrmSlush .99,0.0,5
Crois Hd Bun,0.0,5
Gallon Green,4.99,5
Jalapeno Sau,0.0,5
Lg GrpCrm So,2.89,5
Lg Mango Lim,2.19,5
Lg Org Crm S,2.89,5
Lg PBCar Pie,4.99,5
Lg Peach Rin,2.69,5
Lg Rasp Crm,4.49,5
Med Coke Lif,1.89,5
Med JPC BBQ,4.59,5
Mini ChcCzCk,2.49,5
Mini Dbl Ore,3.19,5
Mini Mocha C,2.39,5
Mini PeachCr,1.99,5
Mini Rnbw Or,1.49,5
PC Cream,0.0,5
PC Pepper,0.0,5
Rt StwCrm So,3.19,5
Salsa Verde,0.0,5
Sm FrzT Blck,1.59,5
Sm PB Crm Bl,3.99,5
Sm PBCar Pie,3.49,5
Sm PBOreoPrz,3.99,5
Sm Rasp Crm,2.99,5
Sm StwCrm So,1.59,5
BOGO Slush,0.0,4
BOGO WCS,0.0,4
BW SwtSesam1,-2.08,4
Brown Bag,1.19,4
Free RgBlast,0.0,4
JrBur .79,0.0,4
Lg Cran Crm,0.0,4
Lg JPC BBQ C,-1.78,4
Lg Lem Pie S,4.99,4
Lg Rnbw Org,3.19,4
Med Miami Sr,1.99,4
Med NGrP Crm,3.29,4
Med Org Crm,2.29,4
Med PBChpCls,4.79,4
Med Peach Rn,2.09,4
Med RChy Crm,3.39,4
Med Sonic En,2.29,4
Mini Blend F,2.09,4
Mini Lime Cr,1.99,4
Mini PecanPi,3.19,4
Mini Pnap Cr,1.99,4
Mini Rnbw Cr,2.39,4
Mini SltCarC,3.19,4
Mini Tea,0.99,4
Pineapple Cr,0.5,4
Rt IceCoff P,3.99,4
Rt Mango Lim,2.49,4
Rt PomHib Te,2.79,4
Rt Rnbw Org,3.39,4
SMPopCk 1.99,0.0,4
Sliced Chz,0.6,4
Sm ChocOreo,3.99,4
Sm DrkChocCh,3.99,4
Sm FrzClubHs,1.59,4
Sm SwtCrm So,1.49,4
Stw Brz,0.1,4
3Strp 1.49,0.0,3
BOGO BRK TST,0.0,3
BW FireChpo1,-2.08,3
BW SwtSesam,-0.48,3
Bac Chzburge,4.79,3
Berry Spicy,0.0,3
Brt Cmb 1.99,0.0,3
Cents Off,-0.2,3
Crois Mst Dg,-0.1,3
Dry,0.0,3
Free Crm Sl,0.0,3
Free WP,-3.48,3
FreeCof w/Br,0.0,3
FreeLg w/Brt,0.0,3
Gallon Dt Gr,4.99,3
Lg Crml BP S,4.99,3
Lg JPC Par C,-1.78,3
Lg JPC Sri C,-1.78,3
Lg Miami Sr,2.29,3
Lg NBR Crm S,4.29,3
Lg NGrA Crm,4.39,3
Lg PB Crm Bl,5.79,3
Lg Sundrop,2.49,3
Med BlCoCrm,2.29,3
Med BlckChry,1.89,3
Med Choc Sl,2.19,3
Med ChocHaz,4.09,3
Med CrmLemon,3.89,3
Med R BR Crm,3.39,3
Med StrwCrmL,3.79,3
Med Wldbrry,1.89,3
Mini BkbryCr,1.99,3
Mini Lem Pie,2.49,3
Mini Lmbr Cr,1.99,3
Mini Nerd Cr,0.99,3
Mini SwtCrm,1.29,3
Molt Ck Mint,4.29,3
Rt CF Dt Cok,2.79,3
Rt Org Crm S,3.19,3
SaltedCrml P,0.2,3
Slush .99,0.0,3
Sm Barqs Flo,2.69,3
Sm ClubHouse,1.19,3
Sm Energy AM,1.89,3
Sm FrzBcClbT,1.59,3
Sm FrzTea St,1.19,3
Sm Org Crm S,1.59,3
WP 2.49,0.0,3
Whole Banana,2.49,3
$1 Sundae,0.0,2
.99ChkStrSan,0.0,2
.99Min Blast,-1.9,2
2 CD/1.00,0.0,2
50% Float,0.0,2
"6"" HD",1.99,2
BOGO Bday Ck,0.0,2
BOGO CrSlush,0.0,2
BOGO Lil Dog,0.0,2
BOGO Prm Brt,0.0,2
BOGOBourbShk,0.0,2
BW HnyBBQ 24,-1.78,2
BW IslFire 6,-0.38,2
Banana Taffy,0.1,2
BrkCmb 2.99,-4.08,2
CCCny/TT2.99,0.0,2
CKSTDK 5.99,0.0,2
ChkDin&Drk,0.0,2
Choc Haz Cre,0.5,2
Crsp Chk Fri,1.0,2
Egg White,0.0,2
Frntst 1.29,0.0,2
Lg BlCoCrm S,2.89,2
Lg CrmLemon,4.59,2
Lg NGrp Crm,4.29,2
Lg PBChpClst,5.79,2
Lg Pin Col S,2.69,2
Lg SltCarPrz,0.0,2
Lg Van Frapp,0.0,2
Med Atm Lem,1.99,2
Med BR Crm S,2.29,2
Med BanT Crm,2.99,2
Med CrmLime,3.79,2
Med Frz Wld,2.59,2
Med GrMnt Ca,0.0,2
Med GrMnt Fr,0.0,2
Med Pin Col,2.29,2
Med PolyP Cr,2.99,2
Med Strwbry,1.89,2
Med Stw Blu,4.09,2
Miami Sunris,0.1,2
Mini CrmLemo,1.99,2
Mini CrmlCoc,3.19,2
Mini Custard,0.0,2
Mini Dt Grn,0.99,2
Mini Dt Stw,0.99,2
Mini PB Crm,3.19,2
Mini PBC Pie,2.49,2
Mini PBOreoP,3.19,2
Mini Pom Jui,0.0,2
Mini Rasp Te,0.99,2
Mn IceCoff F,1.49,2
Mozsk 1.99,-0.9,2
Mozz 1.29,0.0,2
PB Oreo Pret,0.2,2
PC Splenda,0.0,2
Pickle O,0.0,2
Poppy 10 in,0.0,2
Ranch Season,0.5,2
Reload Gift,0.0,2
Rt BlckChry,2.79,2
Rt FrzBcClbT,3.19,2
Rt FrzWbClbT,3.19,2
Rt Mang Marg,2.89,2
Rt Van Sl,2.89,2
Sm Blkbry Sp,1.19,2
Sm Custard S,0.0,2
Sm Energy Ze,1.89,2
Sm GrpCrm So,1.59,2
Sm NGrp Crm,2.89,2
Sm Nerd Crm,2.79,2
Sm PB&J Shk,3.49,2
Sm PBChp Cls,3.99,2
Sm Pmpkn Pie,3.99,2
Sm PomHib Te,1.19,2
Sm Pwrade Cr,2.99,2
Sm Van Sl,1.19,2
Snk Pop 1.99,0.0,2
Sour Green A,0.1,2
Spicy Chk,1.0,2
Split 1.99,0.0,2
Sunberry,0.1,2
Tot Disc,-1.89,2
$1 Off BrkBr,0.0,1
.99 Iced Cof,-1.5,1
299CB&DRK,-3.19,1
3pc 1.50,0.0,1
50% WC,-1.0,1
BKTst/TT1.99,-3.19,1
BLT .99,0.0,1
BW PnapHab24,-5.88,1
Bac Chz Toas,3.99,1
Bell Peppers,0.0,1
Bourbon BBQ,0.0,1
Brg/Shk 2.99,-4.29,1
Brk Br 1.50,0.0,1
Burg/TT3.49,0.0,1
Buttery Crum,0.0,1
Chk Dinner 3,0.0,1
FREE BBCOF,-4.28,1
Fm GrChilChz,5.19,1
Fm JPC BBQ,7.99,1
Free Coffee,-2.49,1
FreeSMFry/TT,-1.19,1
HBBQRnch (12,11.79,1
Jr BCB 1.49,0.0,1
Jr DCB .99,-6.5,1
Lg BR Crm So,2.69,1
Lg Ched R Bi,3.19,1
Lg Choc Sl,2.69,1
Lg ChocHaz S,4.99,1
Lg ChocOreo,5.79,1
Lg FrzWbClbT,2.99,1
Lg Mang Marg,2.69,1
Lg NWtM Crm,4.29,1
Lg Pmpkn Pie,5.79,1
Lg PnApCrm S,2.69,1
Lg PomHCrmLi,0.0,1
Lg R BR Crm,4.39,1
Lg RGrp Crm,4.39,1
Lg Rnbw Crm,4.39,1
Lg Salt Car,4.49,1
Lg Sltd Marg,2.69,1
Lg Strawberr,0.0,1
Lg StrwCrmLi,0.0,1
Lg Stw Brz S,2.59,1
Lg Wldbrry T,2.49,1
Md Coke Floa,3.19,1
Md DrPep Flo,3.19,1
Med Ban Tfy,1.99,1
Med Blue Haw,2.29,1
Med FrzWbClb,2.59,1
Med GrApCrm,2.29,1
Med GrMnt Ch,0.0,1
Med Italian,1.89,1
Med Jal Choc,4.09,1
Med KonaCove,2.09,1
Med Mang Mar,2.29,1
Med NGrA Crm,3.29,1
Med PB Pral,4.09,1
Med Pch Nave,2.29,1
Med Pom Juic,2.19,1
Med Rnbw Crm,3.39,1
Med Stw Brz,1.99,1
Med Sundrop,1.89,1
Med Vitam wa,1.89,1
Med WtmlCrm,2.29,1
Mini BCocoPo,1.49,1
Mini Bkbry S,0.99,1
Mini ChocHaz,2.49,1
Mini ChocOre,3.19,1
Mini DrkChcC,3.19,1
Mini Engy Br,1.99,1
Mini Fanta S,0.99,1
Mini Java Ch,2.29,1
Mini Lmn Crm,1.99,1
Mini Mello Y,1.0,1
Mini NBR Crm,1.99,1
Mini Peach R,1.29,1
Mini RaspCrm,1.99,1
Mini SltCarP,3.19,1
Mini Sonic S,0.89,1
Mini Stw Brz,0.99,1
Mini Sunrise,1.19,1
MiniFrzClubH,1.59,1
MiniFrzTeaPo,0.99,1
Mn Barqs Flo,2.19,1
Mn Pmpkn Pie,3.19,1
Mozz 2.49,0.0,1
No Apples,0.0,1
PB PtChp Car,0.2,1
Polynesian P,0.1,1
Potato Bun,0.0,1
Rt Atm Lem S,2.49,1
Rt BR Crm So,2.99,1
Rt Ban CPie,0.0,1
Rt Choc Malt,0.0,1
Rt Choc Stw,0.0,1
Rt Frz Wld L,3.19,1
Rt Hot Fudge,0.0,1
Rt PB Fdg Sh,0.0,1
Rt Peach Rin,2.79,1
Rt Pin Col S,2.79,1
Rt Shake,0.0,1
Rt Sonic Ene,3.19,1
Rt Strw Daq,2.89,1
Rt Strwbry T,2.79,1
Rt Stw Ban S,0.0,1
Rt Stw Brz S,2.79,1
SSBCB 5.99,0.0,1
SSCB/TT 3.99,0.0,1
Shake 1.29,0.0,1
Sm ChocHaz S,3.49,1
Sm Coton Sl,1.19,1
Sm CrmLime S,2.99,1
Sm Crml BP S,3.49,1
Sm Frz BC Le,1.59,1
Sm Frz Wld L,1.59,1
Sm FrzTea Wl,1.59,1
Sm JPC BBQ,3.69,1
Sm JPC Par,3.69,1
Sm JPC Sri,3.69,1
Sm Jal Choc,3.49,1
Sm Mango Lim,1.19,1
Sm NBR Crm S,2.89,1
Sm NChy Crm,2.79,1
Sm PB&Bac Sh,3.49,1
Sm Peach Rng,1.19,1
Sm Pickle O,1.59,1
Sm Pinap Crm,2.99,1
Sm PolyP Crm,2.49,1
Sm Salt Car,2.99,1
Sm Stw Blu S,3.49,1
Sm Stw Brz S,1.19,1
Sm Van Blu S,3.49,1
Sundae .99,-1.2,1
Sweet Tot,3.79,1
Tst/LgDrk299,0.0,1
Wildberry Te,0.0,1
